original_language,average_rating
Persian,7.7
Kannada,7.7
Hebrew,7.7
Irish,7.6
Bosnian,7.5
Dzongkha,7.4
sh,7.3
Malayalam,7.2
Romanian,7.0
Swedish,6.959259259259259
Danish,6.953846153846153
Turkish,6.800000000000002
Japanese,6.7049773755656155
Khmer,6.6
Serbian,6.6
Macedonian,6.6
Hungarian,6.6
Ukrainian,6.575
German,6.5034090909090905
Catalan,6.5
Spanish,6.489932885906041
Bulgarian,6.4
Italian,6.3927152317880775
French,6.391916167664667
Norwegian,6.382758620689655
Hindi,6.375757575757575
Finnish,6.375000000000001
Dutch,6.373913043478261
English,6.362007119386648
Icelandic,6.35
Thai,6.331818181818182
Telugu,6.3
Russian,6.285915492957748
Arabic,6.283333333333332
Indonesian,6.281818181818181
Chinese,6.205194805194805
Polish,6.076190476190475
Basque,5.966666666666666
cn,5.942580645161292
Tamil,5.628571428571429
Galician,5.4
Korean,5.2453400503778305
Czech,5.033333333333333
Greek,4.783333333333333
Tagalog,4.5166666666666675
Portuguese,4.461224489795918
Vietnamese,4.166666666666667
xx,2.0
Haitian,0.0
Lao,0.0
Oriya,0.0
